radius_mean,texture_mean,perimeter_mean,area_mean,smoothness_mean,compactness_mean,concavity_mean,concave points_mean,symmetry_mean,fractal_dimension_mean,radius_se,texture_se,perimeter_se,area_se,smoothness_se,compactness_se,concavity_se,concave points_se,symmetry_se,fractal_dimension_se,radius_worst,texture_worst,perimeter_worst,area_worst,smoothness_worst,compactness_worst,concavity_worst,concave points_worst,symmetry_worst,fractal_dimension_worst
-0.807960355,-1.371680875,-0.780651393,-0.767485819,1.4248817,0.175317786,-0.532481406,-0.024718442,-0.148165946,-0.294263893,-0.240782511,0.228672057,-0.502043643,-0.30790876,1.408491529,0.530587783,-0.332064411,1.272852501,-0.573685656,-0.13336901,-0.899849456,-1.611911476,-0.914550227,-0.784364,0.189704122,-0.458031347,-0.889150979,-0.433519067,-1.291075493,-0.891732397
0.752744468,-0.113844323,0.71323841,0.657577736,-0.54822319,-0.237082566,-0.057442634,0.43401081,0.296857575,-1.056264396,0.698950754,0.315684003,0.624644721,0.59358813,-0.305736361,-0.043451589,-0.186633045,0.687790402,0.044481576,-0.114095151,0.782251441,0.101326179,0.69753018,0.666395384,-0.681863228,-0.269263947,-0.193594356,0.498898658,-0.146693756,-0.645902472
-0.427715907,-0.497472846,-0.467057996,-0.46030861,-0.748733309,-0.947516966,-0.74183966,-0.675186213,-0.0460294,-0.642687915,-0.850923986,-0.996021079,-0.865571276,-0.593899361,-1.050111596,-0.945888386,-0.640484917,-0.795447365,-0.539813479,-0.81513455,-0.399150296,-0.573881444,-0.465477062,-0.433968725,-0.432218309,-0.651883391,-0.400185842,-0.244875246,0.596831102,-0.589428029
-1.405852184,-1.262404871,-1.348576442,-1.119560344,-1.361640125,-0.318691635,-0.362761982,-0.698895815,1.931042307,0.967710917,0.016688537,1.900026515,-0.127634911,-0.369679212,0.565199316,0.776285568,0.371902909,0.616480894,2.586104575,0.766077765,-1.295029372,-1.048967289,-1.240120831,-1.001977908,-1.489486441,-0.549554935,-0.635057832,-0.969632635,0.616227403,0.052830333
1.717543814,0.058207257,1.721511142,1.691068494,1.204462775,0.843716889,1.561728336,1.983897171,-0.319609433,-0.321174691,0.100709201,-0.391288056,0.070203256,0.267149973,0.681435091,0.093357406,0.780700873,1.183715616,0.479980995,0.079399281,1.191914391,-0.098795598,1.152852872,1.051039821,1.49486528,0.253818783,1.239604115,1.562302132,0.212137806,-0.176943133
-0.870388548,-1.006652523,-0.842793916,-0.798459284,0.493433986,-0.253177162,-0.436896631,-0.399690949,-0.129927277,0.88839488,-0.883738924,-0.714863729,-0.747362971,-0.649294927,0.124902198,-0.374585195,-0.142904251,-0.274887957,0.355379772,-0.331776387,-0.899849456,-0.939957866,-0.818426547,-0.773825796,0.413070629,-0.211426124,-0.202701638,-0.108108476,0.646938212,0.379496225
1.612550944,0.66503783,1.565125984,1.719484517,0.13863062,-0.031071738,0.741355068,1.18704838,-0.837587629,-1.253138132,1.273031858,-0.362284074,1.483262368,1.584113609,-0.182173403,-0.36565073,0.066795191,0.553274739,-0.844663072,-0.679461696,2.286417927,0.846495074,2.367046717,2.665141363,0.824765759,0.386019521,1.270281273,1.889386176,-0.214580808,-0.431631794
-1.250632996,-0.248695562,-1.285610839,-1.042268762,-1.909843321,-1.531845474,-1.113892736,-1.260710292,-0.578598531,0.236870287,-0.184888936,6.649428553,-0.31459198,-0.409906945,-1.774503603,-1.046568638,-1.056571013,-1.911765299,2.110684376,-0.796238609,-1.303719192,-0.788646278,-1.339518073,-1.013043022,-2.680336505,-1.442609057,-1.304682669,-1.743528697,-1.603032662,-1.016308372
-0.481631164,-0.532348167,-0.550189054,-0.504637606,-1.478248846,-1.321668985,-0.945553145,-0.822855798,-1.238838345,-1.018022735,-0.09870465,1.782197839,-0.187480957,-0.201733925,0.105252024,-0.820191633,-0.726650517,-0.096614187,1.667926633,-0.31514796,-0.697086986,-0.88952067,-0.758907241,-0.640517519,-2.114474687,-1.316573449,-1.197456416,-1.312690551,-1.615963529,-1.363460091
-0.223405457,-0.797400601,-0.22548408,-0.383301188,0.813396941,0.930817055,0.352493121,0.539930879,0.47559653,0.881313091,-0.429738855,-0.364096823,-0.658335796,-0.601813013,-0.082257264,0.573584895,0.261918368,0.329622191,0.096499562,0.305394732,-0.152938725,-0.404672786,-0.315488411,-0.466637157,0.92987941,1.429007077,1.023905348,0.854887804,1.012235207,0.977460908
-0.620675776,-0.244045519,-0.669124082,-0.617449218,-0.977684579,-1.076084386,-0.866526362,-0.91305537,0.205664231,-0.240442296,-0.641413232,-1.058560915,-0.665754727,-0.502672536,0.056293116,-0.954767011,-0.622264586,-0.61522879,-0.070441882,-0.438349493,-0.65570689,-0.707295962,-0.702066304,-0.620670568,-0.786976879,-1.050010999,-0.863554725,-0.78570491,-0.187102716,-0.546241691
2.236832873,0.606912296,2.272974596,2.350320228,0.706742623,1.724185962,1.956862249,2.607562783,0.045163945,-0.197951562,2.173819923,-0.93710674,2.322096198,1.97539975,-1.020136754,0.152548236,0.128081757,0.472241207,-0.648688333,0.000414249,2.35676409,0.019975863,2.611075872,2.364802556,-0.130016564,0.853171168,0.975013628,1.956324306,-0.258222485,0.099338698
1.286221753,-0.50444791,1.211201678,1.199471295,0.642750032,0.107152439,0.713758413,0.972373399,0.563142141,-0.094557441,1.109317774,0.660106288,1.003504812,1.10204029,0.353377102,-0.249502686,0.050562532,0.68292839,-0.011165572,0.292923411,1.237432496,-0.126454706,1.13499708,1.173985532,0.78534814,-0.159944105,0.263687029,0.803162885,-0.010919651,0.034005519
-0.109899652,-0.320771224,-0.158403078,-0.198597038,-1.203080705,-0.768393581,-0.752502004,-0.918209631,-1.235190611,-0.991111936,-0.55955619,-0.83287368,-0.63954117,-0.414743066,-1.399818082,-0.533730351,-0.466894858,-0.967238452,-0.877325528,-0.687397991,-0.192249816,-0.523444248,-0.299715795,-0.271680387,-1.544233134,-0.456760186,-0.555009623,-0.827845505,-0.890218614,-0.764388066
-0.790934484,0.45811093,-0.802051467,-0.734239072,-0.623592242,-0.730713292,-0.470012616,-0.771313185,-1.184122338,0.353011627,-0.615810368,-0.418298014,-0.62767088,-0.525973845,0.69009449,-0.553274493,-0.247257054,-0.868863745,-0.588202303,-0.498060665,-0.674327933,0.565022981,-0.692543215,-0.636653511,1.643776285,-0.22032425,0.190828779,-0.48417906,-0.115982947,0.242185816
0.190890732,-0.378896757,0.160951877,0.056578849,-0.32496015,-0.292372237,-0.603480071,-0.67827877,0.296857575,-0.557706446,-0.666294888,-1.078138602,-0.684549353,-0.452552738,-0.747698749,-0.768818459,-0.47418299,-0.793988761,0.241666035,-0.689287585,0.033271706,-0.477888071,-0.040509216,-0.089720736,-0.427838573,-0.420532099,-0.317261649,-0.479615097,1.130229369,-0.614343225
-0.810798,-1.471656793,-0.774066755,-0.763223416,1.943932716,0.12798074,-0.122921969,0.169597207,0.752824297,0.898309385,-0.53719876,-0.418841839,-0.522816651,-0.534107321,-0.135212817,-0.4304256,-0.360554383,-0.025304679,0.065046826,-0.027929662,-0.709501015,-0.837456468,-0.664569141,-0.710420937,1.253979831,-0.072234,-0.227626828,0.261572561,0.714825264,0.45424181
0.100086088,0.504611357,0.093870875,-0.019007772,-0.136537521,-0.092231203,0.396396889,0.011876813,0.960745123,-0.911795899,0.05491253,1.818452816,0.215119714,-0.032249872,0.775356262,0.243009693,0.722727094,0.942235691,0.440060215,-0.206307341,-0.012246399,0.581293044,0.033889916,-0.125901902,-0.077459739,-0.360151954,0.300595484,0.120089695,0.192741505,-0.857404795
0.097248443,1.325343894,0.158071098,0.004293366,-0.568131996,0.353305083,0.151790181,-0.258206477,0.220255166,0.086736358,-0.544410834,-0.249893644,-0.124172743,-0.378691983,0.032313242,1.175544469,0.211895278,-0.02854602,0.016658002,0.875296302,-0.010177395,0.984790611,0.185664147,-0.125901902,0.071451265,1.054650178,0.631812924,0.089663272,0.462673356,1.016217878
1.226631206,0.609237317,1.161816891,1.193788091,-0.146491924,-0.137296071,0.332422827,0.50385105,-0.436336914,-0.782907338,0.687772039,-0.026925533,0.445106584,0.615790322,-0.346368924,-0.628659041,-0.110770213,-0.429175801,-0.680141069,-0.600854583,1.293295626,0.929472396,1.14094901,1.245996591,0.618918194,-0.170113393,0.595863129,0.35437315,0.336597402,-0.434400149
-0.359612424,-1.387956025,-0.37651922,-0.426493543,1.211573063,-0.302975736,-0.637223253,-0.384485878,-0.979849247,0.277944663,-0.663410058,-0.316965352,-0.619262758,-0.522456666,-0.37667682,-0.296967031,-0.426478852,-0.273267286,-1.030960046,-0.259971813,-0.46122044,-0.74797112,-0.430360671,-0.493685213,0.978056499,-0.198078934,-0.446201578,0.013597215,-0.838495145,0.087711607
-1.576678421,-1.439106494,-1.540765571,-1.232087796,0.51476485,-0.530572257,-0.792140835,-0.871563567,-0.487405187,1.198577241,-1.004180563,-0.974449367,-0.888817261,-0.727244402,0.285101074,-0.438801661,-0.459938004,-0.725434393,-0.559169008,0.049165776,-1.406134929,-1.175873782,-1.308270437,-1.062572579,1.38975163,-0.195536612,-0.46393681,-0.448580146,0.132936245,1.160172339
-0.351099488,-1.434456452,-0.41479243,-0.394951757,-1.906288177,-1.269598234,-0.830399833,-0.958928295,-1.731282405,-0.989695579,-0.90862058,-1.355670454,-0.866065872,-0.607968076,-0.769347246,-0.671656153,-0.509298536,-0.954759288,-0.526506552,-0.647716515,-0.548118641,-1.649332622,-0.591062798,-0.533203477,-1.585840621,-0.887048166,-0.736196587,-0.927187775,-0.956489307,-0.819201496
-0.143951394,0.916140136,-0.196676288,-0.232127945,-0.277321222,-0.698145403,-0.740836146,-0.631117279,-0.53847346,-0.67809686,-0.213376629,0.215982815,-0.395705628,-0.199975335,-0.390665079,-0.250619494,-0.387056682,-0.442789434,0.039642693,-0.458001271,-0.190180812,0.555260943,-0.28810953,-0.264830555,-0.471635928,-0.651883391,-0.801864878,-0.652132914,-0.418241965,-0.798161997
1.975769521,1.692697268,2.087781645,1.864406234,1.261345078,3.386663049,2.005783591,2.59467713,2.128019931,1.583826566,0.810016696,-0.822903562,0.765604415,0.903979159,-0.92854696,1.234735299,0.226140264,0.627825588,-0.309966563,0.566914551,2.15400162,1.269516717,2.06052229,2.12242387,0.732791315,3.204183337,1.945178747,2.672866562,1.935175846,2.461299194
0.03482025,0.565061912,0.068355402,-0.062200127,0.13294239,0.103365475,0.540652128,0.181967434,0.267675705,-0.219196929,-0.429738855,-0.358658576,-0.103399736,-0.339123722,-0.387334541,0.249710542,0.538536115,-0.03016669,-0.031730823,0.085823901,-0.078454553,0.761890745,0.26601521,-0.142236118,0.535703221,1.077531075,1.181125783,0.457822987,1.115682144,0.966387488
-0.101386717,0.697588129,-0.055106566,-0.187514789,1.680852064,0.423363912,0.62344209,0.421125157,0.081641282,0.845904146,0.771432099,1.622675938,1.008945361,0.205819168,2.251117634,0.446827174,0.488844304,1.426816212,0.7678945,0.193152844,0.024995687,1.355748052,0.129120806,-0.129414637,1.810206231,0.368223268,0.521087557,0.801641564,0.289723008,0.519574989
-0.688779259,-0.041768661,-0.725916587,-0.671155501,-0.584485658,-0.981031596,-0.915322264,-0.964855696,0.453710128,-0.214947855,-0.883738924,0.386381209,-0.869033444,-0.63874339,-0.325386535,-0.914003514,-0.711378567,-0.673897067,0.356589493,-0.806442417,-0.757088125,0.142001337,-0.78390535,-0.698126366,-0.44097778,-0.925182994,-0.925292505,-0.870138233,0.947580872,-0.795393642
0.568297535,0.323259691,0.663853623,0.408937534,1.467543427,1.852942729,1.046172658,1.388579995,1.285393429,1.524339538,0.591490849,-0.260770137,0.488630981,0.304300174,-0.004988783,-0.026141063,-0.000454393,0.190244516,-0.441826109,0.131174159,0.970530878,0.944115453,0.879064063,0.762995585,2.037952473,1.074353173,0.988434884,1.410170019,1.301563358,1.675086371
1.283384108,-0.392846886,1.305855853,1.196629693,0.962712987,1.216732819,1.362279789,1.339614513,0.347925848,-0.326840123,0.806771263,-1.003453349,0.705758369,0.686353721,-0.248784162,0.807556195,0.783351103,0.835271429,0.452157421,-0.098222561,1.355365769,-0.708922968,1.289747276,1.205600143,1.556181576,1.619045638,2.216000531,1.874172965,1.451884688,0.43763168
0.128462539,-1.308905299,0.095517034,0.011113212,0.139341649,-0.287070488,-0.082530502,-0.139916181,-0.264893426,-0.906130468,0.040848985,-1.075238204,-0.150880896,-0.070938838,-0.695409303,-0.410881458,-0.05114004,-0.510209333,-0.623284201,-0.572132753,0.101548864,-1.372741547,0.036865882,-0.032638799,-0.44097778,-0.390659817,-0.110190833,-0.346043101,-0.444103699,-0.745563252
1.873614296,2.750581983,1.799703722,2.171299283,-0.118761802,0.18857216,0.60086301,0.96747685,-0.155461413,-0.857974302,2.765210005,0.725365248,2.415080137,3.503174289,-0.829296929,-0.597388414,-0.346640676,-0.407782949,-0.831356145,-0.565330214,3.356093405,3.495261364,3.17650928,4.481225144,0.338615127,0.064415802,0.34517323,0.780343068,-0.052944969,-0.097768179
0.715855082,0.486011186,0.742046203,0.709579058,1.11913932,0.783125469,0.799057163,1.102518495,0.66892642,0.071156423,1.448285261,-0.571294019,1.280478246,1.368686408,-0.330715396,-0.371793174,-0.14853599,-0.08040748,-0.709174364,-0.37561497,2.108483514,0.957131504,2.075402117,2.343726149,2.10802824,0.658047963,0.945774462,1.443639084,1.151242028,0.64747299
-0.544059357,-0.295195989,-0.562123711,-0.55834389,-0.287986653,-0.617104379,-0.562963165,-0.738325913,-0.425393713,-0.515215712,-0.54981989,-0.794443404,-0.490667949,-0.478491931,-0.402321962,-0.647644779,-0.394013535,-0.763196019,-0.140605678,-0.693444692,-0.40949532,-0.266377249,-0.399113036,-0.449600394,0.194083858,-0.236849342,-0.14805795,-0.400354266,0.512780466,-0.511914089
-0.192191361,-0.230095391,-0.220957142,-0.283560947,0.415220819,-0.429649673,-0.615396808,-0.544267977,-0.633314538,-0.806985421,-0.397284521,0.283054524,-0.37938398,-0.332309188,-0.385336218,-0.590129161,-0.436417214,-0.393845181,-0.20593059,-0.747487082,-0.241905931,0.042753952,-0.287811933,-0.318224121,0.06707153,-0.50315756,-0.642727121,-0.540011546,-0.360053063,-0.991946848
-0.319885392,1.357894193,-0.385161558,-0.382732867,-0.90089347,-1.015114269,-0.962612895,-0.806619875,-0.527530258,-1.17665481,-0.515923141,0.027456933,-0.597995155,-0.420898129,-0.328717073,-0.92159781,-0.868371562,-0.884908384,-1.015233678,-0.861996483,-0.399150296,1.009195706,-0.482142468,-0.442750562,-0.462876457,-0.921369512,-1.090805359,-0.842754452,-0.961338383,-1.164692201
-0.152464329,0.592962168,-0.197910908,-0.266795493,-1.19454836,-0.411850943,-0.603103753,-0.708688911,-0.644257739,-0.595948107,-0.242224926,1.26737716,-0.136043033,-0.298456342,-0.534544319,-0.079189448,-0.029938201,-0.304222095,-0.029311382,-0.297007857,-0.303976075,0.709826543,-0.285728758,-0.384790441,-1.395760103,-0.51650475,-0.608215319,-0.801983046,-0.735048208,-0.758851356
-1.265672515,-0.185919985,-1.254333807,-1.03942716,-0.490629858,-0.790736667,-0.744097568,-0.870532715,1.555325728,0.188714121,-0.099425857,0.2413613,-0.146924133,-0.387045283,0.15321177,-0.31204394,-0.157480516,-0.310056509,-0.113991824,0.044630751,-1.06123183,-0.009310251,-1.082692267,-0.870074724,-0.39280069,-0.635993879,-0.692577503,-0.745542032,0.441660697,0.071655148
-0.558247583,-0.292870967,-0.562946791,-0.567152857,-0.390374799,-0.49156653,-0.748111627,-0.867182445,-1.268020215,0.006003963,-0.669900925,-0.04867852,-0.587608651,-0.5292712,-0.709397562,-0.492408451,-0.593774615,-1.075337184,-0.726110452,-0.731992411,-0.606050775,0.356766172,-0.548506494,-0.585191949,-0.506673811,-0.167571071,-0.52816711,-0.87789697,-0.799702544,-0.368513299
-0.969706127,0.255834072,-0.924690355,-0.880865751,0.841838093,0.465020514,-0.054181212,-0.52184694,-0.523882525,0.824658778,-0.307854801,0.493333392,-0.31459198,-0.430790194,0.619820139,1.249253805,1.374683652,0.916304961,0.815073604,1.441796604,-0.947436566,-0.07601751,-0.91514542,-0.825814268,0.049552588,0.004671237,-0.090058948,-0.43519252,-0.478047225,0.169654915
1.027996046,2.032150385,1.042470323,0.928382435,0.256661399,0.51235756,1.016067217,0.876504139,-0.359734505,-0.515215712,-0.055792809,-0.253519142,0.003432875,0.079420555,-0.77500916,-0.297525435,0.168166485,-0.112820893,-0.988619824,-0.468205079,1.088464151,2.092781915,1.13499708,0.977272395,0.338615127,0.77499477,1.762553791,1.253473941,0.115156303,0.37672787
0.258994215,-0.592798722,0.278240746,0.098066242,0.175604117,0.607031654,-0.14537561,0.322163341,-0.523882525,0.834573283,-0.119619665,-0.678971301,-0.277991919,-0.120838813,-0.971843954,-0.40697263,-0.39533865,-0.28461198,-1.208788975,-0.210842367,0.101548864,-0.853726531,0.072577465,-0.041596272,-0.826394497,-0.23303586,-0.41504509,-0.19482378,-1.169848614,0.085496923
-0.214892522,-0.674174469,-0.241534136,-0.288107511,-1.792523571,-0.588702151,-0.098837616,-0.539113716,-1.421225034,-0.646936988,-0.870035983,-0.139315963,-0.812649566,-0.564442988,-0.373679336,0.403271658,0.585577696,-0.229509179,-1.023701722,0.106231517,-0.415702334,-0.476261065,-0.45446599,-0.436427639,-1.308165395,-0.007404792,0.28094293,-0.377686581,-1.378358846,-0.424434071
-0.830661516,2.343703247,-0.876540187,-0.764075896,-1.555039956,-1.301976774,-1.113892736,-1.260710292,-2.741704661,-1.101587846,-0.328409212,4.856619921,-0.408070514,-0.385286693,0.184185773,-0.926958489,-1.056571013,-1.911765299,-0.078909927,-0.76411551,-0.899849456,2.053733764,-0.954428162,-0.774528343,-1.738693387,-1.266871057,-1.304682669,-1.743528697,-2.157443589,-1.378409208
-1.815608141,1.441594962,-1.810324199,-1.352855894,-1.093582271,-1.052037166,-1.113892736,-1.260710292,0.212959698,1.423778133,-0.099065254,0.444389173,-0.18500798,-0.465961982,1.871436306,-0.881504398,-1.056571013,-1.911765299,1.001370577,1.162892519,-1.488067519,0.853003099,-1.49069711,-1.111048317,-0.296446511,-1.085984854,-1.304682669,-1.743528697,0.254163124,0.854545945
0.352636505,0.806864132,0.33873711,0.208320412,-0.310028546,-0.014030401,0.293536632,0.667756558,-0.34514357,-0.258854948,-0.332736457,-0.68078405,-0.39125427,-0.239543597,0.94621286,-0.057970094,0.444452953,0.945477033,0.504175407,-0.624663468,0.033271706,0.026483888,0.007106229,-0.087261822,-0.292066775,-0.346804764,0.059492196,0.5019413,-0.557248786,-0.867370873
-0.087198491,1.209092827,0.014855216,-0.167623573,1.410661124,1.207265409,0.588319076,0.481172301,1.690291878,1.355792958,0.252162759,0.564030598,0.053387012,-0.028293045,0.878935993,0.730496435,0.094953884,0.707238449,0.459415745,1.209376533,-0.053626495,1.181658376,-0.037533251,-0.162609978,2.05985115,0.904653187,0.315934063,0.570400751,1.212663647,1.902091482
-1.100237803,-0.722999918,-1.047329242,-0.939686919,0.692522047,0.12798074,-0.270187751,-0.238877997,-0.250302491,1.415279986,-0.135125625,0.460703913,-0.62767088,-0.388144401,1.148709568,0.958883695,0.269869058,0.590550163,0.804186118,1.43650574,-1.032265763,-0.824440417,-1.063348492,-0.860941614,0.342994862,-0.116089053,-0.394913205,-0.261153382,-0.47319815,0.723879589
-1.009433159,0.216308709,-0.897940262,-0.899620326,-0.400329202,1.16750229,1.746124162,0.270363015,1.372939039,3.073834984,-1.058992326,0.025644184,-0.248810789,-0.727815943,0.485599459,2.845172601,4.028557631,2.818972288,-0.528925993,3.176443957,-1.121232969,-0.46487202,-0.91514542,-0.928561755,-0.791356614,0.684106763,1.585680803,0.485206768,-0.490978092,1.996215552
0.219267183,0.753388641,0.416929689,0.085563192,0.22110996,2.23731955,2.314364362,1.241941262,0.836722174,0.87564766,-0.548738078,-0.619875688,0.296727958,-0.354951026,-0.025305065,2.046654799,1.569144272,1.708812902,-0.671673025,0.75171685,0.016719668,0.307955982,0.539804018,-0.08410036,0.417450364,2.890206583,3.018399943,2.021741115,-0.056177686,1.747063601
-0.70580513,-0.223120327,-0.691347237,-0.688773435,1.268455366,-0.050006557,-0.227036619,-0.362580268,-0.038733932,0.340264407,-0.357618113,0.797875202,-0.351686636,-0.433428078,0.499254665,-0.132796238,-0.080955127,0.35393225,-0.591831465,0.017042677,-0.647430871,0.58292005,-0.647308542,-0.630330589,1.595599195,0.074585089,0.072434122,0.109440447,-0.153159189,0.388908632
1.791322587,0.57901204,1.721511142,1.813257393,-0.345579985,0.165850377,0.115287334,0.745585903,-0.706269213,-1.023688166,0.623584579,-0.543921511,0.668663713,0.705698205,-0.277426788,-0.358391477,-0.269784008,0.456034501,-0.736997938,-0.713852308,1.663647484,0.112715223,1.605199598,1.579706376,0.014514705,-0.105919765,-0.009531409,0.941603109,-0.471581792,-0.918862276
1.927529553,1.348594108,2.100127842,1.966703917,0.962712987,2.258147851,2.86755184,2.537980256,1.230677422,0.848736861,2.008663424,-0.345969334,2.914126915,1.724800761,-0.213813513,0.984011877,1.542310694,2.340874451,0.003351075,0.913844021,1.659509474,0.607325145,2.137897388,1.648204701,0.364893539,1.044480891,1.85841991,2.123669631,0.045652892,0.81855733
1.459318106,1.669447054,1.478702607,1.441007491,-0.167111759,1.279217721,0.964637089,0.696104995,0.150948224,-0.026572267,0.543169952,-1.106961309,0.327392874,0.611833495,-0.674759968,0.430075052,0.101910737,-0.348952605,-0.618445318,0.038206131,1.630543407,0.849749087,1.611151529,1.637666497,0.811626553,2.572416347,1.614919969,0.972029531,1.246607173,1.56988888
-0.986731998,1.378819385,-0.986009798,-0.874898386,0.014911611,-0.605932836,-0.815472552,-0.844503695,0.31144851,0.069740065,-0.560638001,0.500584388,-0.677130422,-0.520917901,0.049298986,-0.844761411,-0.698458696,-0.899656487,0.125532856,-0.444396194,-0.831572298,1.547734798,-0.87139873,-0.74625083,0.767829199,-0.727517467,-0.765435753,-0.810046048,0.821504918,-0.13707882
-0.92714145,0.509261399,-0.965432804,-0.836536755,-1.567838474,-1.175302836,-1.113892736,-1.260710292,-0.549416661,-0.469892262,-0.320475931,0.157974852,-0.371470453,-0.43232896,0.845297559,-0.806231531,-1.056571013,-1.911765299,1.148956492,-0.59216245,-0.953643581,-0.147605788,-0.987461377,-0.82247717,-1.413279045,-1.149034437,-1.304682669,-1.743528697,-0.715651908,-0.998037229
1.635252105,0.225608794,1.585702979,1.588770811,0.521875137,0.504783633,0.656056318,1.169781605,-0.035086199,-0.129966387,0.370440775,-0.622050987,0.389711897,0.425642843,-0.650113987,-0.136705066,-0.045508302,-0.00261529,-1.206369534,-0.15264287,1.543645206,-0.072763497,1.584367841,1.344353159,0.408690894,0.487076816,0.70131586,0.710362296,-0.568563295,0.410501801
-1.148477771,-0.971777202,-1.160914252,-0.958725654,-0.262389617,-1.086687884,-1.093860074,-1.198756072,-0.396211842,-0.32825648,0.069697282,0.092715892,-0.092024041,-0.305710523,2.447619374,-0.752624742,-1.003665799,-1.522156078,0.585226688,-0.122787284,-0.91019448,-0.731701057,-0.948476231,-0.779094898,0.864183378,-0.968402467,-1.271512992,-1.585007035,0.052118326,-0.386230772
-0.078685556,-0.483522718,-0.145233802,-0.188083109,-0.605105493,-0.813837146,-0.935768876,-0.966659687,-0.720860149,-0.552041015,-0.673146358,-0.653955367,-0.678119612,-0.493000294,-0.813310347,-0.91070893,-0.754212908,-1.131574455,-0.976522618,-0.788680233,-0.161214745,-0.34121954,-0.207163273,-0.271680387,-0.730040318,-0.75802533,-0.915705894,-0.967046389,-0.867589596,-0.671371338
0.185215442,1.081216652,0.22350594,0.038108434,1.481764003,0.82478207,0.475423672,1.066180953,0.515721602,0.530056354,-0.171185995,0.116281628,-0.205780988,-0.112045866,-0.112565159,-0.132796238,-0.289660733,0.007108734,-0.186575061,-0.215755312,0.215344128,1.25487366,0.218399765,0.078187977,1.420409778,0.555083927,0.144813042,0.711883617,0.67926538,0.285925826
-0.765395678,-0.460272505,-0.75348976,-0.729976669,0.912940971,-0.179520717,-0.859125441,-0.781106282,-0.607780402,0.399751435,-0.435869118,1.252875169,-0.459508437,-0.416721479,-0.125554257,-0.453878571,-0.672950234,-0.368886853,0.275538212,-0.10162383,-0.721915044,0.17616847,-0.732123554,-0.663174657,0.391171952,-0.477098761,-0.935214649,-0.769578906,-0.511990751,-0.165316042
2.577350289,1.785698122,2.532244727,2.884541461,-0.09032065,1.209158891,1.332174348,1.927200297,0.355221316,0.041412908,2.354121777,-0.459266138,2.166793237,2.538148357,-0.204154953,0.176001206,0.433189476,0.869305513,-0.561588449,-0.280379429,3.049880696,1.437098368,2.938432055,3.624117905,0.688993961,1.006346062,1.485021378,2.201257009,0.326899251,0.156366811
1.7544332,1.806623314,1.684472552,1.799049381,0.258794485,0.084430656,0.791530803,1.144525725,0.008686607,-1.002442799,-0.026944512,-0.333280092,-0.138021415,0.263852618,-0.665434461,-0.541548008,-0.355253923,-0.585246383,-0.934182397,-0.719143171,1.667785493,2.193656307,1.637935216,1.692113883,0.868563114,0.255725524,0.511021614,0.838153271,0.404484454,-0.219022129
-0.620675776,0.341859862,-0.580231466,-0.60778777,-0.733090675,-0.061367448,-0.28925453,-0.28372007,-0.815701227,0.688688429,-0.472290092,0.313871254,0.164176386,-0.405070824,-0.107236298,1.45642171,0.396748815,0.73478985,-0.220447238,1.594853723,-0.626740823,0.262399805,-0.448216463,-0.587475227,-0.909609471,0.171828902,-0.171065818,0.013597215,-0.704337399,0.878353798
0.630725728,0.930090264,0.700892214,0.52714819,0.075349058,0.858864744,1.157813669,1.000206409,1.3255185,-0.087475652,0.093857731,-0.35322033,0.052397821,0.113493225,-0.468266614,0.764559083,0.95495349,0.772065275,1.382432569,0.109632787,0.64362812,0.870900169,0.655866665,0.499540491,0.399931423,1.348923937,2.092333239,1.676401217,3.108652034,0.67515654
-0.243268973,-0.527698124,-0.305322819,-0.308282887,-0.846855282,-1.030072776,-0.66808133,-0.627767009,-1.151292734,-0.857974302,-0.405578406,-0.591234256,-0.406586728,-0.344179666,-0.336044257,-0.806231531,-0.308212342,-0.443923904,-0.692238275,-0.490880208,-0.233629912,-0.337965527,-0.250612367,-0.301714268,-0.208851802,-0.782812968,-0.448598231,-0.271194101,-0.638066705,-0.427202426
0.616537502,-0.834600943,0.523930061,0.468611183,-0.148625011,-0.70477259,-0.420714956,-0.084765586,-0.367029972,-0.882052385,-0.715697596,-1.352770056,-0.850733414,-0.43232896,0.117575014,-0.75094953,-0.238312528,0.407414381,-0.859179719,-0.463292135,0.217413133,-1.288137218,0.075553431,0.083632716,0.132767562,-0.751033945,-0.371426006,0.320904085,-0.971036533,-0.64479513
1.4337793,0.744088556,1.462241011,1.401225059,-0.791395036,0.728214494,0.283501485,0.48452257,-0.162756881,-1.063346185,0.110084897,-0.260770137,0.478244477,0.305179469,-0.505235585,0.642268594,-0.160130746,0.067073548,-0.773289556,-0.150375357,1.467092028,1.03848182,1.759949794,1.418120585,-0.007383972,1.943827259,0.54793007,0.854887804,0.472371506,0.457563836
1.995633037,0.87196473,1.861434705,2.128675248,-0.147913982,-0.040539147,0.262176798,0.963868867,-0.155461413,-1.418851996,1.033230392,-0.162881698,0.710704324,1.179418224,-0.770346407,-0.719678902,-0.488427976,-0.229509179,-1.174916798,-0.683240884,2.669183813,1.612815051,2.4027583,3.046273066,0.338615127,0.036450261,0.20760535,1.312805466,-0.127297455,-0.480908513
-0.277320715,-0.918301711,-0.274045787,-0.329594904,-0.179199249,-0.366596727,0.051815029,-0.363095694,0.037868477,-0.103055588,-0.483829411,-0.768883645,-0.517870697,-0.385726341,0.513909032,-0.296408627,-0.047164696,-0.36629378,0.864672149,-0.119386014,-0.31018309,-0.842337487,-0.285431161,-0.357039838,0.675854755,-0.182189422,0.137623083,-0.264500288,1.532702608,0.132005287
-0.419202972,-0.260320668,-0.381869239,-0.481052307,0.799176365,0.550227198,-0.108245566,0.04692579,-0.622371337,0.813327916,-0.623022442,-1.05801709,-0.578705933,-0.482228934,-0.445285902,-0.025582659,-0.183320257,-0.239233203,-0.357145667,-0.087640834,-0.390874277,-0.573881444,-0.356259135,-0.433617452,0.916740203,0.825841208,0.412279512,0.396970142,0.532176766,1.071584978
-0.714318065,-0.760200259,-0.67941258,-0.700992325,0.88449982,0.235909207,-0.223649757,-0.101774648,0.271323439,0.056992844,-0.575422753,-0.875473279,-0.5930492,-0.537404676,-0.385336218,-0.303109475,-0.184976651,0.201589211,-0.249480532,-0.685130478,-0.750881111,-0.977379011,-0.7538481,-0.711123484,0.399931423,-0.236849342,-0.201263646,-0.062468841,-0.183869999,-0.535721942
0.165351926,0.534836634,0.147371061,0.005714168,1.232903927,0.608925136,0.5080379,0.832692918,0.785653901,0.677357566,0.062845812,-0.121188474,-0.064821293,-0.005431383,-1.126380915,0.171533974,-0.204522097,0.14972775,-0.286981871,0.118324919,0.331208396,0.81720896,0.251135384,0.184272562,0.194083858,1.11058126,0.414676165,1.046574267,1.288632491,1.40932429
0.420739988,0.021006915,0.330506312,0.294705122,-1.277027699,-0.912298203,-0.585918564,-0.527001202,-0.965258312,-1.185152957,-0.632398139,-0.395276103,-0.658830391,-0.399135585,-1.403814728,-0.914282716,-0.622264586,-1.073230312,-1.259597241,-0.925864762,0.339484416,0.975028573,0.257087314,0.189717301,-1.049761004,-0.467565054,-0.221395531,-0.440060747,-0.351971271,-0.866817202
-0.07017262,-0.72764996,-0.148114581,-0.165634451,-1.855805133,-1.060936531,-0.85736929,-1.041473789,-0.746394285,-1.141245865,-0.544771438,-1.078682427,-0.572276193,-0.378472159,-1.103400204,-0.632567869,-0.39798888,-0.774702781,-0.492634375,-0.689665504,-0.157076735,-0.928568822,-0.226209451,-0.237606862,-2.081626672,-0.832388245,-0.781732993,-1.053305297,-0.579877803,-0.980873428
-0.39082652,-0.602098807,-0.389276957,-0.457751168,1.147580472,0.139341631,-0.627188106,-0.488859668,1.124893143,0.486149261,-0.078510842,-0.387662558,-0.183524194,-0.257569138,0.155876201,-0.551040877,-0.401632946,-0.420910381,-0.301498519,-0.062698192,-0.376391243,-0.640588703,-0.405660159,-0.450478578,0.662715548,-0.358245213,-0.622595236,-0.519625843,0.275175783,0.089926291
-0.368125359,0.706888214,-0.276103487,-0.431040106,0.88449982,1.430696271,1.012304037,0.507459033,1.135836344,1.379871041,-0.357257509,-0.268021133,-0.301237903,-0.334287601,-0.019310096,0.731613243,0.494807322,0.517619985,-0.452713595,0.688604409,-0.221215884,0.727723613,-0.058365008,-0.306632096,1.985395648,1.779847498,1.706472112,1.264123189,0.818272201,2.234294083
-0.189353716,-0.12546943,-0.186387791,-0.294927356,0.792066077,0.17910475,-0.586922078,-0.448398717,-0.323257167,0.052743771,-0.740579252,-1.10587366,-0.703838574,-0.53344785,-0.875258353,-0.616932556,-0.556671396,-0.717493107,-0.847082513,-0.758824647,-0.190180812,-0.084152541,-0.159547829,-0.282394228,1.315296127,0.369494429,-0.032539277,0.427396564,0.997687982,0.149722759
-0.336911263,-0.725324939,-0.361703784,-0.418537056,0.172760002,-0.302597039,-0.700444679,-0.644776071,-0.279484362,-0.112970093,-0.935305254,-0.565311947,-0.924180833,-0.636984801,-1.383498446,-0.705160397,-0.522218407,-0.727379198,-0.222866679,-0.688909666,-0.498462526,-0.432331894,-0.522913192,-0.526353645,-0.664344287,-0.371592403,-0.437094297,-0.467444528,0.640472778,-0.310377844
2.872465383,0.211658666,3.054900388,3.143127271,3.437093173,3.452934915,4.239858194,3.924476535,3.076430713,0.845904146,3.980444503,3.449926798,3.432957509,4.235187126,5.425120314,4.053000578,3.177171271,1.0410966,3.015555391,2.297782716,2.017447303,-0.274512281,2.191464763,2.094321993,1.630637078,1.081344558,1.476872758,1.676401217,0.519245899,-0.213485419
-0.078685556,0.072157385,-0.135356844,-0.177000861,-0.676919401,-0.777103597,-0.945553145,-0.669774239,-0.936076441,-0.85939066,-0.228161381,0.835942929,-0.264637842,-0.235366947,-0.401322801,-0.811257168,-0.86403181,-0.770975238,-0.048666911,-0.555126406,-0.132248677,0.37954426,-0.189307482,-0.230932666,-0.90085,-0.890861649,-1.076856839,-0.847470548,-0.626752197,-0.82141618
-0.538384067,0.0628573,-0.552658293,-0.550955724,-0.035571433,-0.444418832,-0.588678229,-0.202282742,0.61056268,-0.377829004,-0.186691955,0.197855327,-0.276013537,-0.287904805,0.15754147,-0.429308792,-0.5924495,-0.064200774,-0.666834142,-0.172672567,-0.378460248,0.436489481,-0.449704446,-0.425362525,0.461247719,-0.318203643,-0.644644444,-0.10050187,-0.376216647,-0.122129703
1.331624075,0.623187446,1.305855853,1.293244171,0.386779668,0.654368701,0.885610306,0.992732731,0.479244264,-0.209282424,1.492639517,1.294568393,0.804677453,1.397263485,0.344051596,0.860046177,0.706163157,1.060544648,0.397719993,0.272137876,1.322261693,0.854630106,1.132021114,1.268829365,0.290438037,0.584956209,0.570458608,0.854887804,0.171728846,-0.044615763
0.818010306,0.225608794,0.729700006,0.708726577,-0.614348868,-0.592678463,-0.242089339,0.128363117,0.782006168,-1.496751675,0.651351064,-0.655224291,0.613269026,0.618208382,-0.66709973,-0.583428312,-0.411902587,-0.091752175,0.290054859,-0.458757109,0.730526322,-0.102049611,0.676698423,0.578577019,-0.931508148,-0.671586386,-0.378615965,-0.076160732,0.604912894,-1.066138763
0.264669505,0.125632876,0.342852509,0.1441002,0.536095713,0.964899729,1.018576004,1.011030358,0.158243692,0.006003963,0.258293022,-0.457634664,0.415430859,0.149544307,0.73572286,0.651761463,0.555762609,1.088096049,-0.672882746,-0.103891343,0.405692569,-0.235464129,0.483260678,0.25364907,0.995575441,1.055285759,1.189274403,1.474065506,-0.107901155,-0.088909443
0.04049554,0.758038684,0.07411696,-0.071293255,0.528985425,0.20940046,0.721284774,0.321390202,0.41723279,-0.421736096,-0.730121744,1.149548483,-0.480281445,-0.479151402,-0.309066899,0.01964807,0.482218729,0.156210433,-0.729739614,-0.014702503,-0.20259484,1.398050217,-0.088124661,-0.267465106,0.246640683,0.120982464,0.724803059,0.328510691,-0.327725895,-0.024129936
0.114274313,0.01170683,0.093870875,0.013670654,-0.887383923,-0.498761762,-0.007894096,-0.506899583,-1.235190611,-0.75599654,-0.54693506,0.248612295,-0.431316498,-0.380230749,-0.963850663,-0.279098101,0.062819846,-0.47779592,-0.798693689,-0.554748487,0.006374644,0.4413705,0.02496202,-0.087964368,-1.027862327,0.067593704,0.506707639,-0.283973199,-0.694639249,-0.515789786
0.26183186,-0.051068747,0.217744382,0.133586271,-0.299363114,-0.347851256,-0.174853854,-0.143524164,-0.914190039,-0.516632069,-0.069135146,-0.034176529,-0.116753812,-0.040603171,-0.695742357,-0.512510997,-0.073666995,-0.384607359,-1.091446076,-0.784901045,0.271207257,0.387679292,0.194592043,0.151779767,-0.340243865,-0.280704395,0.069078808,-0.039649024,-1.000130984,-0.797608326
-0.552572293,-0.337046373,-0.583523785,-0.579087586,0.578757441,-0.639447465,-0.801548785,-0.502776174,0.322391712,0.503145555,-0.140895284,0.533213868,-0.225564804,-0.349455434,-0.535543481,-0.764351227,-0.68189476,0.550033397,0.200535534,-0.14621825,-0.71157002,-0.774003221,-0.747598573,-0.676874322,-0.80449582,-1.021282762,-1.065976034,-0.848687605,-1.089030695,-0.563959163
-0.48446881,-0.988052352,-0.549777514,-0.506910888,-1.215879223,-1.333219225,-0.981805113,-0.975164218,-0.968906045,-0.744665677,-1.045289385,-0.983150562,-1.043131032,-0.688731294,-1.257604111,-1.14741641,-0.841471728,-1.302069006,-0.40432477,-0.92019598,-0.635016842,-0.863488569,-0.696709566,-0.592217418,-1.25560857,-1.121831593,-1.005436581,-1.127089373,0.000394857,-0.892286068
1.161365367,-0.137094537,1.16593229,1.074440794,1.311117093,0.836142961,1.108892327,1.471048175,1.022756597,0.042829266,1.545287658,0.681859275,0.994602094,1.285373235,-1.046448004,0.230724804,-0.123358806,-0.417182838,0.749748691,0.503046271,0.896046705,-0.251734192,0.828472653,0.773533789,-0.19133286,-0.156130622,-0.047398526,0.272221809,0.194357864,-0.225666181
-0.212054877,2.657581129,-0.231657179,-0.277593582,-0.27803225,-0.569577984,-0.760279243,-0.419534854,-1.592668521,-0.37357993,-0.232128022,1.281879151,-0.286400041,-0.250754604,-0.399657532,-0.726938155,-0.793668206,-0.432417142,-0.593041185,-0.306077908,-0.252250955,2.592272856,-0.314595621,-0.307334643,-0.664344287,-0.712899116,-0.969007455,-0.562527099,-1.139137805,-0.398411534
-0.06449733,-0.620698978,-0.123422187,-0.157677965,-1.996588834,-0.968534615,-0.834915649,-0.915632501,0.005038873,-1.05343168,-0.900326695,-1.161343776,-0.729062941,-0.57829188,-1.243282798,-0.688408275,-0.72847255,-1.128657248,-0.893051896,-0.642425652,-0.233629912,-0.630826665,-0.180379586,-0.283974958,-1.687450483,-0.34108454,-0.64128913,-0.796962686,-0.358436704,-0.385677101
-0.047471459,-0.52072306,-0.022183374,-0.149153158,0.941382123,0.446085695,0.11403294,0.091252436,0.351573582,-0.21211514,0.071500301,-0.73788564,-0.149891705,-0.101054682,-0.229800096,0.073254859,-0.023312626,0.263174695,0.009399678,-0.415674364,0.024995687,-0.586897494,0.02496202,-0.095868021,0.824765759,0.457204534,0.233489202,0.346766544,0.270326708,-0.242276311
-0.132600813,-0.962477117,-0.15222998,-0.211100088,-0.972707377,-0.546477505,-0.58090099,-0.623901313,-0.071563536,-0.54212651,-0.955499062,-1.223883612,-0.872990208,-0.637204624,-0.60914837,0.243568097,-0.247257054,-0.557532916,-0.285772151,0.405543217,-0.3577702,-0.98226003,-0.276800862,-0.392694094,-0.213231537,0.356782819,-0.073282378,-0.140056219,0.785945033,0.688444644
-0.685941614,-0.892726476,-0.697108795,-0.666608937,1.325337669,-0.597033471,-0.611382749,-0.423142837,0.719994693,0.320435397,-0.218425081,-0.865321885,-0.252767552,-0.347477021,0.830976246,-0.81014036,-0.509629815,-0.094993516,-0.122459868,-0.262617245,-0.663982909,-1.223056966,-0.687484074,-0.639639335,0.597019517,-0.907386741,-0.783650315,-0.547161755,-0.219429883,-0.325880632
-0.305697166,0.004731766,-0.385161558,-0.362841651,-1.120601365,-1.258237342,-1.105212334,-1.153321259,0.026925276,-1.103004204,-0.004226478,-0.005172547,-0.134064652,-0.162165663,0.149881232,-0.942873004,-1.033646525,-1.236431845,0.164243916,-0.304188314,-0.421909349,-0.557611381,-0.506545383,-0.450478578,-1.325684336,-1.222571098,-1.29583902,-1.574509919,-0.746362717,-1.165799543
-0.765395678,-0.906676605,-0.778182153,-0.724861785,0.002113093,-0.671257961,-0.674478736,-0.519785236,-0.283132095,-0.58744996,-0.826763538,-0.404339848,-0.8522172,-0.608187899,-0.63545962,-0.573377039,-0.581517302,-0.517664418,-0.669253584,-0.83403049,-0.817089264,-0.595032526,-0.813367406,-0.735185716,-0.585509049,-0.568622349,-0.634099171,-0.454056902,-0.36328578,-0.902252146
-1.234458418,-0.534673188,-1.212768278,-1.036301397,0.521875137,-0.384395456,-0.570238647,-0.802496466,-0.830292162,1.112179414,-0.007832515,0.375504716,-0.058886148,-0.383967751,2.267770324,0.214531086,-0.154830286,-0.253819238,1.4840491,0.31862189,-1.079852873,-0.684517874,-1.058884544,-0.902040609,0.627677665,-0.494259434,-0.681552899,-0.932056003,-0.594425029,0.040649571
1.079073659,1.206767805,0.956046946,0.977542155,-0.555333478,-0.645127911,-0.399013951,-0.038119521,-0.998087916,-1.090256983,0.05779736,0.391819456,-0.049983431,0.120307759,-0.531879889,-0.769935268,-0.519236899,-0.530629783,-0.768450674,-0.39451091,0.962254859,1.466384482,0.828472653,0.771777421,-0.03804212,-0.468200634,-0.307675037,-0.015307886,-0.641299422,-0.24725935
0.57113518,-1.029902736,0.507468465,0.412347457,-0.100275053,-0.366028682,-0.423976379,-0.093785543,-0.279484362,-0.573286382,-0.600304409,-1.050766095,-0.562384284,-0.406829413,-1.02679783,-0.726938155,-0.449999642,-0.494164694,-0.670463304,-0.82155917,0.29810432,-0.992022068,0.257087314,0.118233152,-0.515433282,-0.521589394,-0.197429001,-0.025957134,-0.198417224,-0.765495408
0.673290405,-0.232420412,0.60212264,0.520612505,0.035531446,-0.372277172,-0.378567339,-0.014667633,-1.154940468,-0.972699285,-0.238979493,0.402695949,-0.258208102,-0.148536596,0.071946644,-0.414790287,-0.449668363,-0.237612532,-0.435777506,-0.677950021,0.385002521,-0.036969358,0.295774863,0.225547193,0.062691795,-0.548919355,-0.507555894,-0.355627424,-0.819098845,-1.066138763
3.77199889,1.622946627,3.906787962,5.245912975,0.856058668,1.788564345,3.445827187,3.092063341,0.90967685,-0.930208551,7.723511,0.161600349,7.806664798,11.03213515,0.202836786,1.578153795,1.61187923,2.298737014,-0.432148344,0.288388385,4.090590107,0.926218384,4.283568374,5.924959059,0.145906768,1.088971524,1.970583268,2.249939286,-0.419858323,-0.535721942
1.272033528,0.223283773,1.24000947,1.247778534,-0.139381636,0.042774055,0.755153395,0.731669398,-0.418098245,-0.822565357,1.61452357,1.145922985,1.368021635,1.169526158,1.235303555,0.097266234,0.62665626,1.185336287,0.288845139,0.15951807,1.042946046,0.257518786,0.971318988,0.917555907,0.062691795,-0.270535107,0.347090552,0.523239796,-0.904765839,-0.539043968
-0.552572293,-1.211254402,-0.605746939,-0.549819083,-1.352396751,-1.367491247,-0.97302436,-1.130539424,-0.505643856,-0.893383247,-0.699109825,-1.118925452,-0.706311551,-0.538943442,-0.565518322,-1.100677991,-0.684544989,-1.093164561,-0.093426574,-1.07506711,-0.70743201,-1.498021034,-0.763668786,-0.645435347,-1.413279045,-1.27716746,-1.107390197,-1.461780023,-0.982351042,-1.305324636
-0.183678426,0.35580999,-0.146879961,-0.271910377,0.372559092,0.40064213,0.219527423,0.140991057,-0.334200368,0.197212268,-0.692979562,-1.133789993,-0.653389842,-0.47959105,-0.557525031,-0.172442926,-0.046502138,0.133521044,-0.819258939,-0.229738308,-0.152938725,0.055770002,0.001154298,-0.246213062,1.253979831,1.069268529,1.10635021,1.691614429,-0.151542831,1.281979959
0.599511631,-0.120819387,0.692661416,0.426839629,0.728073486,1.436376716,1.329665561,1.072108354,0.234846101,0.572547088,-0.425051006,-0.543015136,-0.198856652,-0.269219793,-0.825300284,0.521094914,0.226140264,0.0476255,-0.805952013,0.108121111,0.471900722,-0.095541586,0.584443498,0.264187274,0.180944651,1.374982736,1.104432888,0.891399511,-0.211348091,1.237686279
1.802673168,0.504611357,1.668010957,1.850198223,-0.910847873,-0.394998955,0.020329755,0.291237773,-1.257077014,-1.561904135,1.017724432,-0.318778101,1.126659071,0.948823189,0.305750409,0.326770302,0.353682579,0.796375334,-0.862808881,0.052189127,1.645026441,0.080175097,1.620079425,1.527015357,-0.419079103,-0.147232496,0.209043341,0.454780345,-1.071250753,-0.701823243
-1.240701238,2.071675748,-1.246514549,-1.034312275,-1.174639553,-1.099752909,-0.920590716,-0.991915567,-0.695326012,-0.46422683,-0.818830256,0.852257669,-0.802757658,-0.63874339,-0.150866346,-0.713536458,-0.576216842,-0.922507943,-0.580943979,-0.577045697,-1.158475055,1.829206892,-1.167507278,-0.93207449,-0.935887883,-0.911200224,-0.960043973,-1.003253832,-0.937093007,-0.655314879
-0.80512271,-1.453056622,-0.812339964,-0.758392692,0.140763706,-0.535116614,-0.704333298,-0.550710803,-0.155461413,-0.013825046,-0.774476,-1.246361698,-0.841830696,-0.597196716,-0.189500586,-0.796180258,-0.63187167,-0.477633853,-0.438196947,-0.369568269,-0.817089264,-1.545204217,-0.86276843,-0.743089369,0.150286503,-0.658239196,-0.693536164,-0.412372703,-0.271153352,-0.206287696
-0.850525032,0.732463449,-0.842793916,-0.785672074,-0.049792009,-0.424158576,-0.508773371,-0.679051909,0.796597103,0.385587857,-0.451375077,0.453452917,-0.431316498,-0.494319236,-1.181001738,0.280981169,0.084684243,-0.252198568,1.037662196,0.350744989,-0.879159408,0.420219418,-0.876755467,-0.779797445,-1.036621798,-0.483454566,-0.555009623,-0.767905452,0.433578905,-0.200750986
-1.000920224,-0.078969003,-0.933744232,-0.876603348,0.036953503,0.196146087,-0.312711686,-0.57983238,0.402641855,0.29919003,0.163454246,-0.035989277,0.278922523,-0.290982337,0.142887103,0.576935319,0.054537877,0.300450119,1.753816796,-0.180230943,-0.908125475,-0.445347944,-0.862470834,-0.800522579,-0.484775134,-0.017574079,-0.386285254,-0.537729564,0.063432834,-0.447134582
1.073398368,0.402310417,1.334663645,0.963618304,1.8941607,2.901931689,2.886367741,1.826692202,1.099359006,1.182997305,-0.007832515,-0.801513125,0.127081729,0.025783579,0.039307372,0.653436675,0.985762413,-0.20844046,-0.560378729,0.492842463,0.937426801,0.342123115,1.259987623,0.743675545,2.405850249,2.144670689,3.025589902,1.244346015,0.556422142,1.985142132
-0.439066487,-0.206845177,-0.499569647,-0.471390859,-0.883828779,-1.177385666,-1.090561019,-1.185354992,-0.418098245,-0.601613538,-0.480583978,0.2413613,-0.566341048,-0.393200346,-0.219142374,-0.975539642,-0.994953168,-1.437881205,0.625147468,-0.672659157,-0.572946699,-0.422569856,-0.64582056,-0.555860615,-1.251228834,-1.195050463,-1.277940816,-1.610078407,-0.639683064,-1.087178261
0.117111959,1.918224339,0.195932768,0.011113212,1.247124502,1.044425968,0.942058008,0.637088704,1.792428424,1.129175708,-0.126831739,-0.333280092,0.006400447,-0.171178434,-0.47759212,0.944923593,0.514021488,-0.145234306,-0.238593047,0.631538668,0.2463792,1.863374024,0.501116469,0.109978225,1.551801841,2.564153801,2.063094072,0.860973088,2.129138852,2.776891666
-0.288671295,0.755713663,-0.203672466,-0.356590126,0.273015061,0.832355998,-0.021943302,0.054141755,0.140005023,1.459187078,-0.7647397,-0.533951392,-0.680097994,-0.55499057,-0.596159272,0.275397128,-0.219760919,-0.565960403,0.556193393,0.152337612,-0.355701195,0.566649987,-0.231566189,-0.423781795,0.110868884,1.181766273,0.210960664,-0.030521098,1.983666597,1.309663509
0.083060217,0.111682748,0.103336292,-0.035204906,0.082459346,0.184785196,0.063731766,0.244076283,0.245789302,0.156137891,-0.417117725,1.149548483,-0.242381048,-0.296477929,0.321070884,0.193870136,0.043605679,0.396069687,-0.716432687,0.248328991,0.012581658,0.843241061,0.066625535,-0.095165474,0.47000719,0.307207542,0.226299243,0.637338881,-0.295398727,0.530648409
0.389525891,0.416260545,0.44985288,0.421156424,1.112029032,0.998982403,0.795293983,0.924954195,0.99722246,0.827491494,3.479205348,-0.006985296,3.243527464,2.993183364,0.385350266,0.748923769,0.431864361,1.554849192,-0.043828029,0.763432334,1.427780937,0.320972032,1.483185021,1.523502623,0.846664436,0.927534084,0.713778455,1.502970608,0.165263413,1.154635628
1.53309688,3.064459866,1.482818006,1.614345231,-0.864631001,0.163956895,0.32238768,0.449731307,-1.399338631,-1.369279472,1.204517153,0.188791582,0.917939804,1.52915769,-0.500239778,0.053710717,-0.174044453,-0.164682353,-0.873696367,-0.581580723,2.406420205,3.210535258,2.170633006,2.80389438,0.369273275,0.987914229,0.610243047,0.728618149,-0.303480519,-0.457654331
-1.806811442,1.220717933,-1.812793439,-1.346604368,-3.109348889,-1.149740831,-1.113892736,-1.260710292,-0.819348961,-0.560539162,-0.070216957,0.382755711,-0.157310636,-0.465742158,0.049298986,-1.16249332,-1.056571013,-1.911765299,0.752168132,-0.382417508,-1.409652237,0.763517752,-1.431475401,-1.07486715,-1.857384218,-1.206490912,-1.304682669,-1.743528697,-0.048095894,-0.750546291
0.727205662,0.211658666,0.622699634,0.57602375,-1.520910574,-0.629033315,-0.656164593,-0.666166256,0.125414088,-1.352283178,-0.56929249,-1.176389591,-0.539632895,-0.382209162,-1.456770282,-0.615257344,-0.585161368,-1.053296063,-0.112782104,-0.791703583,0.602248024,0.143628344,0.596347359,0.35727474,-1.378241162,0.239836012,-0.117380792,-0.41435042,2.871047352,-0.427202426
-0.603649905,2.078650812,-0.625500854,-0.603525366,-0.852543512,-0.754381815,-0.605236222,-0.759458384,-0.717212415,-0.248940443,-0.77159117,0.884887148,-0.667733109,-0.582028882,0.097591786,0.022998494,-0.082280242,-0.426258594,-0.374081755,0.191641169,-0.657775895,1.985399498,-0.66040279,-0.626817854,-0.506673811,-0.436421611,-0.436614967,-0.660956576,-0.73343185,-0.111056283
-0.197866651,0.079132449,-0.252234173,-0.254292443,-0.418104922,-0.785056221,-0.379069096,-0.374692781,-0.779223889,-0.862223376,0.232690158,-0.126626721,0.136479042,0.067330253,-0.345702817,-0.829126098,-0.343990446,-0.381366017,-0.646268892,-0.728213223,0.353967449,0.682167436,0.277919071,0.198499137,0.338615127,-0.633451557,-0.037332583,0.021203821,-0.027083235,-0.566727518
-1.097400158,-1.064778056,-1.060498518,-0.947075085,0.174893088,-0.241437575,-0.664694468,-0.735748783,-0.651553207,1.027197946,-0.242224926,2.342337239,-0.233478331,-0.461785332,3.436789149,1.185595742,-0.191602226,0.188623846,1.96067902,1.119809775,-1.115025955,-1.008292131,-1.08239467,-0.919428645,0.159045974,-0.576249315,-0.961386099,-1.123742466,-0.754444509,0.051722991
0.14548841,-0.567223487,0.092224715,0.031572749,-0.707493639,-0.707423464,-0.462611695,-0.541433133,-1.468645573,-1.309792444,-0.666294888,-0.382224312,-0.689989903,-0.447496793,-1.167679586,-0.644852759,-0.460269283,-0.91602526,-0.968054574,-0.973482533,0.03947872,-0.038596364,-0.037533251,-0.087086185,-0.795736349,-0.30040739,-0.136554016,-0.552638512,-0.720500983,-0.995822545
1.799835522,0.32093467,1.758549733,1.830307006,-0.341313813,0.510464079,0.796548376,1.355077297,1.292688896,-1.219145544,1.544927055,0.941082363,1.138529361,1.320325199,-0.70040511,0.302200523,0.299352865,0.841754112,0.921529017,-0.406604313,1.440194966,0.239621716,1.33141079,1.342596792,-0.992824444,-0.00549805,0.177407522,0.710362296,0.516013183,-1.112093456
0.026307314,1.990300001,0.023909093,-0.088058708,-1.004703673,-0.008349956,0.269703158,-0.12471111,-1.713043736,-0.213531498,-0.251600622,2.006978698,-0.376416407,-0.228112766,-0.244454463,0.165949933,0.218852132,-0.273267286,-1.051525296,-0.077814945,-0.10742062,2.41818318,-0.141692037,-0.204762793,-1.062900211,-0.074140741,0.163986266,-0.493154855,-1.633743471,-0.331417342
3.292436862,-0.425397184,3.384132301,3.850686244,1.318227381,2.498620049,3.110904155,3.669340602,0.526664803,-0.22486236,2.126220233,-0.663381661,2.154428351,2.478795965,-0.223805127,0.946598806,0.356664087,0.53220602,0.339653404,-0.154910383,3.488509712,-0.34121954,3.631831972,4.13346442,0.903600997,2.157382298,1.787478982,2.449232355,1.275701624,0.232773409
0.236293054,-0.044093683,0.208278964,0.092098878,-0.457922534,-0.115710378,-0.36878307,-0.018791042,0.245789302,-0.605862612,-0.423608592,-0.487363746,-0.343773109,-0.340003016,-0.569181914,-0.241685029,-0.54772687,0.011970746,-0.643849451,-0.370324106,-0.00397038,0.08342911,0.054721673,-0.124321171,-0.046801591,0.309749864,-0.439970281,0.521718475,0.098992719,0.042864255
-1.009433159,-0.225445348,-1.034983045,-0.89223216,-1.062297005,-1.130806012,-0.863892136,-0.974391079,2.044122054,-0.724836668,-0.805487919,2.402157952,-0.785941414,-0.598295834,1.225311941,-0.67947381,-0.396332486,-0.111200222,-0.407953932,0.263445744,-1.102611926,-0.385148711,-1.128224536,-0.903270066,-1.50788133,-1.200262223,-1.113621495,-1.405491141,-0.326109537,-0.918308605
-0.671753388,-0.267295732,-0.698343415,-0.635919632,0.236041564,-0.855872444,-0.777088114,-0.354848876,-0.70262148,0.010253037,0.86482846,1.609986696,0.62909608,0.192849571,-0.481255712,-0.861513533,-0.635184457,0.409035052,-0.579734259,-0.391865479,-0.601912766,-0.37213266,-0.65951,-0.574302472,-0.817635027,-1.109247099,-1.011332347,-0.654262763,-1.491503933,-0.819201496
-0.864713257,-0.106869259,-0.768305196,-0.833410993,1.79461667,2.102882337,1.004777677,0.38014878,1.40212091,2.365656078,-0.698749221,-0.344156585,-0.567330239,-0.579171174,0.121238606,1.117470447,0.463335841,0.258312683,-0.382549799,0.241904371,-0.626740823,1.1621343,-0.461310711,-0.654217184,3.767947968,4.345050285,2.722652968,2.096285851,2.025691915,3.120167687
-0.101386717,-1.399581131,-0.160872317,-0.205132723,-0.311450603,-0.79774255,-0.98055072,-0.76667435,-0.801110292,-0.520881143,-0.670982736,-0.946714309,-0.686033139,-0.496737296,-0.89690685,-0.967442783,-0.915048736,-0.805009322,0.120693974,-0.753155864,-0.330873138,-1.423178743,-0.389589947,-0.385492988,-0.673103757,-0.934716701,-1.125796492,-0.860858174,-0.125681097,-0.886195687
1.740244975,0.869639709,1.663895558,1.730850926,-0.396774058,0.510464079,0.72379356,0.977012234,1.033699798,-0.893383247,1.270868236,0.52958837,0.834847774,1.044886135,-0.341373117,0.521653318,0.34540061,0.144865738,0.72918344,0.23283432,1.645026441,0.962012523,1.453425367,1.527015357,-0.585509049,0.633260325,0.659614098,0.64950945,1.274085266,-0.014717529
-0.353937134,2.239077286,-0.389688497,-0.399498321,-1.075806552,-0.87291378,-0.336796039,-0.656888585,-0.89595137,-0.809818137,-0.698028014,0.259488788,-0.674657445,-0.516741251,0.456623779,-0.220465675,0.234753511,-0.676814274,-0.434567786,-0.37561497,-0.492255512,1.637220146,-0.548208898,-0.500359409,-0.423458838,-0.586418602,-0.135595355,-0.755734883,-0.854658729,-0.638151078
-0.634864002,-0.218470284,-0.60286616,-0.63279387,-0.194130853,0.20940046,-0.281477291,-0.450975848,0.566789875,0.048494698,-0.392596673,0.627476809,-0.385319125,-0.414962889,0.609828525,0.918120199,0.913212369,0.981131787,0.893705443,0.370396768,-0.624671818,0.231486685,-0.626774382,-0.613645099,0.356134068,0.319919152,0.040318973,-0.012265244,0.802108617,-0.016378542
0.869087919,0.646437659,0.807892585,0.776925033,0.063972597,-0.272490677,0.022713102,0.42138287,0.202016497,-0.991111936,0.054551926,-0.867497184,-0.023275278,0.111734635,-0.848614049,-0.749274317,-0.378112156,-0.311353046,-1.101123841,-0.838943435,1.098809175,0.594309094,0.98917478,0.975516027,1.026233589,0.015476105,0.559434004,1.274772437,0.509547749,-0.456546989
0.281695376,-0.60674885,0.280298445,0.175357825,-0.540401874,-0.160207202,-0.166825737,-0.209498708,-0.793814824,-0.416070665,-0.483468807,-1.549453308,-0.441208407,-0.305490699,-0.522554383,-0.351132224,-0.381093664,-0.573091354,-0.64263973,-0.345381465,0.310518348,-0.884639651,0.31065469,0.191298031,0.732791315,0.501059586,0.290050211,0.161165366,0.831203068,0.744919087
-0.399339456,-0.376571736,-0.45224256,-0.436439151,-1.237210087,-1.119445121,-0.938026784,-0.787806821,-1.286258884,-1.042100818,-0.395842106,-0.604104773,-0.374438025,-0.375834275,0.098590948,-0.767143247,-0.878243668,-1.0004622,-0.138186236,-0.988221366,-0.506738545,-0.767495196,-0.547316108,-0.515991078,-1.119836771,-1.005583924,-1.138402887,-1.194027503,-1.189244915,-1.311968688
-0.771070968,-1.969211363,-0.766659037,-0.714916176,-0.187020565,-0.709884991,-0.673349782,-0.584728928,-0.527530258,-0.236193223,-0.95333544,-1.37071627,-0.872001017,-0.655889637,-0.333379826,-0.568909807,-0.555015002,-0.864812068,-0.859179719,-0.600476664,-0.713639025,-1.57937135,-0.699983128,-0.650001902,0.982436235,-0.097021638,-0.297129764,-0.380729223,0.186276072,0.071101477
-0.50149468,0.583662083,-0.501627347,-0.536463552,-0.614348868,-0.187283993,-0.35937512,-0.295574871,0.431823725,0.175966901,-0.387187617,0.516899128,-0.327946056,-0.426173897,0.023653844,-0.030608295,-0.161124582,0.183761834,-0.116411265,0.252486098,-0.50466954,0.784668834,-0.470238607,-0.537243122,-0.08621921,-0.050624264,-0.137992008,0.089663272,0.115156303,0.479710676
-1.034971965,0.13260794,-1.039098444,-0.901325288,0.756514638,-0.845079597,-0.507895296,-0.469531189,-0.272188894,0.226955782,-0.119980269,2.529050373,-0.172643094,-0.376273923,2.997158138,-0.648761587,-0.438736165,-0.075545468,1.719944619,-0.08877459,-0.990885667,0.615460176,-0.999365238,-0.83916266,0.837904966,-0.963953403,-0.73859324,-0.71876678,-0.028699594,-0.35799355
